{
  "train_loss": [
    1.1485437154769897,
    1.2245402336120605,
    1.0370920896530151,
    1.0284185409545898,
    1.0082573890686035,
    0.8032224774360657,
    0.8566960096359253,
    0.5855810046195984,
    0.8129509091377258,
    0.5836465954780579,
    0.5286803245544434,
    0.570105254650116,
    0.5859171748161316,
    0.5214104652404785,
    0.5005432367324829,
    0.42228156328201294,
    0.500590443611145,
    0.45077553391456604,
    0.4612455368041992,
    0.41732534766197205,
    0.41013598442077637,
    0.48658472299575806,
    0.5395412445068359,
    0.42133912444114685,
    0.385387659072876,
    0.4574207663536072,
    0.4674299657344818,
    0.5715347528457642,
    0.45146259665489197,
    0.46374401450157166,
    0.3834170699119568,
    0.45469045639038086,
    0.5389373898506165,
    0.425833523273468,
    0.42524343729019165,
    0.42359933257102966,
    0.4674864709377289,
    0.42006826400756836,
    0.41576799750328064,
    0.44258037209510803,
    0.4028157591819763,
    0.39668360352516174,
    0.4338364601135254,
    0.5138143301010132,
    0.4782761037349701,
    0.415585994720459,
    0.4411642551422119,
    0.4037211537361145,
    0.5026355981826782,
    0.46769943833351135
  ],
  "val_loss": [
    1.0589765310287476,
    1.031412959098816,
    0.9939934015274048,
    0.9643462896347046,
    0.9354274868965149,
    0.9088929295539856,
    0.8798854351043701,
    0.8496734499931335,
    0.8149431943893433,
    0.7810539603233337,
    0.7540141344070435,
    0.7218742966651917,
    0.688391923904419,
    0.6623772382736206,
    0.6376515626907349,
    0.6257694363594055,
    0.610323429107666,
    0.5957031846046448,
    0.58234703540802,
    0.5739102363586426,
    0.5580598711967468,
    0.5431288480758667,
    0.5372885465621948,
    0.5316851735115051,
    0.5206004977226257,
    0.5080757737159729,
    0.4997757077217102,
    0.49352383613586426,
    0.47798416018486023,
    0.47218626737594604,
    0.47044607996940613,
    0.4637567400932312,
    0.45821309089660645,
    0.4581618905067444,
    0.44893407821655273,
    0.4458838105201721,
    0.43848085403442383,
    0.43850916624069214,
    0.4340251684188843,
    0.42793703079223633,
    0.42508143186569214,
    0.42828506231307983,
    0.4280797243118286,
    0.423467755317688,
    0.41955676674842834,
    0.414803147315979,
    0.4129113554954529,
    0.40622973442077637,
    0.4002099335193634,
    0.39874398708343506
  ],
  "train_accuracy": [
    0.2,
    0.2,
    0.5,
    0.5,
    0.4,
    0.8,
    0.7,
    0.9,
    0.7,
    0.9,
    1.0,
    0.8,
    0.9,
    0.9,
    1.0,
    0.9,
    0.9,
    1.0,
    1.0,
    1.0,
    1.0,
    1.0,
    0.9,
    1.0,
    1.0,
    1.0,
    1.0,
    0.8,
    1.0,
    1.0,
    1.0,
    1.0,
    0.8,
    1.0,
    0.9,
    1.0,
    1.0,
    1.0,
    1.0,
    1.0,
    1.0,
    1.0,
    1.0,
    1.0,
    1.0,
    1.0,
    1.0,
    1.0,
    0.9,
    1.0
  ],
  "val_accuracy": [
    0.5,
    0.5,
    0.5,
    0.5,
    0.5,
    0.5,
    0.5,
    0.5,
    0.5,
    1.0,
    0.5,
    0.5,
    1.0,
    1.0,
    1.0,
    1.0,
    1.0,
    1.0,
    1.0,
    1.0,
    1.0,
    1.0,
    1.0,
    1.0,
    1.0,
    1.0,
    1.0,
    1.0,
    1.0,
    1.0,
    1.0,
    1.0,
    1.0,
    1.0,
    1.0,
    1.0,
    1.0,
    1.0,
    1.0,
    1.0,
    1.0,
    1.0,
    1.0,
    1.0,
    1.0,
    1.0,
    1.0,
    1.0,
    1.0,
    1.0
  ],
  "train_f1": [
    0.13333333333333333,
    0.13333333333333333,
    0.5079365079365079,
    0.33928571428571425,
    0.37222222222222223,
    0.8,
    0.7,
    0.9044444444444444,
    0.6904761904761904,
    0.9044444444444444,
    1.0,
    0.7904761904761906,
    0.9044444444444444,
    0.8878787878787879,
    1.0,
    0.9044444444444444,
    0.9044444444444444,
    1.0,
    1.0,
    1.0,
    1.0,
    1.0,
    0.8878787878787879,
    1.0,
    1.0,
    1.0,
    1.0,
    0.8,
    1.0,
    1.0,
    1.0,
    1.0,
    0.8083333333333332,
    1.0,
    0.9015873015873016,
    1.0,
    1.0,
    1.0,
    1.0,
    1.0,
    1.0,
    1.0,
    1.0,
    1.0,
    1.0,
    1.0,
    1.0,
    1.0,
    0.8904761904761905,
    1.0
  ],
  "val_f1": [
    0.3333333333333333,
    0.3333333333333333,
    0.3333333333333333,
    0.3333333333333333,
    0.3333333333333333,
    0.3333333333333333,
    0.5,
    0.5,
    0.5,
    1.0,
    0.5,
    0.5,
    1.0,
    1.0,
    1.0,
    1.0,
    1.0,
    1.0,
    1.0,
    1.0,
    1.0,
    1.0,
    1.0,
    1.0,
    1.0,
    1.0,
    1.0,
    1.0,
    1.0,
    1.0,
    1.0,
    1.0,
    1.0,
    1.0,
    1.0,
    1.0,
    1.0,
    1.0,
    1.0,
    1.0,
    1.0,
    1.0,
    1.0,
    1.0,
    1.0,
    1.0,
    1.0,
    1.0,
    1.0,
    1.0
  ]
}